Begin,End,Label,Type,Speaker
0.03,0.19,but,words,temp_voicecraft_libritts
0.19,0.32,when,words,temp_voicecraft_libritts
0.32,0.46,i,words,temp_voicecraft_libritts
0.46,0.64,had,words,temp_voicecraft_libritts
0.64,1.25,approached,words,temp_voicecraft_libritts
1.25,1.58,so,words,temp_voicecraft_libritts
1.58,1.92,near,words,temp_voicecraft_libritts
1.92,2.08,to,words,temp_voicecraft_libritts
2.08,2.43,them,words,temp_voicecraft_libritts
2.52,2.62,the,words,temp_voicecraft_libritts
2.62,3.01,common,words,temp_voicecraft_libritts
3.06,3.6,object,words,temp_voicecraft_libritts
3.68,3.92,which,words,temp_voicecraft_libritts
3.92,4.02,the,words,temp_voicecraft_libritts
4.02,4.35,sense,words,temp_voicecraft_libritts
4.35,4.97,deceives,words,temp_voicecraft_libritts
5.05,5.55,lost,words,temp_voicecraft_libritts
5.55,6.01,not,words,temp_voicecraft_libritts
6.01,6.14,by,words,temp_voicecraft_libritts
6.14,6.67,distance,words,temp_voicecraft_libritts
6.8,7.06,any,words,temp_voicecraft_libritts
7.06,7.19,of,words,temp_voicecraft_libritts
7.19,7.35,its,words,temp_voicecraft_libritts
7.35,7.86,marks,words,temp_voicecraft_libritts
0.03,0.06,B,phones,temp_voicecraft_libritts
0.06,0.12,AH1,phones,temp_voicecraft_libritts
0.12,0.19,T,phones,temp_voicecraft_libritts
0.19,0.24,W,phones,temp_voicecraft_libritts
0.24,0.28,EH1,phones,temp_voicecraft_libritts
0.28,0.32,N,phones,temp_voicecraft_libritts
0.32,0.46,AY1,phones,temp_voicecraft_libritts
0.46,0.57,HH,phones,temp_voicecraft_libritts
0.57,0.61,AE1,phones,temp_voicecraft_libritts
0.61,0.64,D,phones,temp_voicecraft_libritts
0.64,0.71,AH0,phones,temp_voicecraft_libritts
0.71,0.84,P,phones,temp_voicecraft_libritts
0.84,0.89,R,phones,temp_voicecraft_libritts
0.89,0.99,OW1,phones,temp_voicecraft_libritts
0.99,1.18,CH,phones,temp_voicecraft_libritts
1.18,1.25,T,phones,temp_voicecraft_libritts
1.25,1.41,S,phones,temp_voicecraft_libritts
1.41,1.58,OW1,phones,temp_voicecraft_libritts
1.58,1.71,N,phones,temp_voicecraft_libritts
1.71,1.85,IH1,phones,temp_voicecraft_libritts
1.85,1.92,R,phones,temp_voicecraft_libritts
1.92,2.02,T,phones,temp_voicecraft_libritts
2.02,2.08,AH0,phones,temp_voicecraft_libritts
2.08,2.14,DH,phones,temp_voicecraft_libritts
2.14,2.31,EH1,phones,temp_voicecraft_libritts
2.31,2.43,M,phones,temp_voicecraft_libritts
2.52,2.56,DH,phones,temp_voicecraft_libritts
2.56,2.62,AH0,phones,temp_voicecraft_libritts
2.62,2.74,K,phones,temp_voicecraft_libritts
2.74,2.86,AA1,phones,temp_voicecraft_libritts
2.86,2.91,M,phones,temp_voicecraft_libritts
2.91,2.95,AH0,phones,temp_voicecraft_libritts
2.95,3.01,N,phones,temp_voicecraft_libritts
3.06,3.22,AA1,phones,temp_voicecraft_libritts
3.22,3.27,B,phones,temp_voicecraft_libritts
3.27,3.35,JH,phones,temp_voicecraft_libritts
3.35,3.49,EH0,phones,temp_voicecraft_libritts
3.49,3.55,K,phones,temp_voicecraft_libritts
3.55,3.6,T,phones,temp_voicecraft_libritts
3.68,3.72,HH,phones,temp_voicecraft_libritts
3.72,3.76,W,phones,temp_voicecraft_libritts
3.76,3.8,IH1,phones,temp_voicecraft_libritts
3.8,3.92,CH,phones,temp_voicecraft_libritts
3.92,3.96,DH,phones,temp_voicecraft_libritts
3.96,4.02,AH0,phones,temp_voicecraft_libritts
4.02,4.13,S,phones,temp_voicecraft_libritts
4.13,4.21,EH1,phones,temp_voicecraft_libritts
4.21,4.27,N,phones,temp_voicecraft_libritts
4.27,4.35,S,phones,temp_voicecraft_libritts
4.35,4.43,D,phones,temp_voicecraft_libritts
4.43,4.46,IH0,phones,temp_voicecraft_libritts
4.46,4.59,S,phones,temp_voicecraft_libritts
4.59,4.8,IY1,phones,temp_voicecraft_libritts
4.8,4.88,V,phones,temp_voicecraft_libritts
4.88,4.97,Z,phones,temp_voicecraft_libritts
5.05,5.13,L,phones,temp_voicecraft_libritts
5.13,5.33,AA1,phones,temp_voicecraft_libritts
5.33,5.42,S,phones,temp_voicecraft_libritts
5.42,5.55,T,phones,temp_voicecraft_libritts
5.55,5.7,N,phones,temp_voicecraft_libritts
5.7,5.9,AA1,phones,temp_voicecraft_libritts
5.9,6.01,T,phones,temp_voicecraft_libritts
6.01,6.05,B,phones,temp_voicecraft_libritts
6.05,6.14,AY1,phones,temp_voicecraft_libritts
6.14,6.24,D,phones,temp_voicecraft_libritts
6.24,6.31,IH1,phones,temp_voicecraft_libritts
6.31,6.38,S,phones,temp_voicecraft_libritts
6.38,6.45,T,phones,temp_voicecraft_libritts
6.45,6.52,AH0,phones,temp_voicecraft_libritts
6.52,6.58,N,phones,temp_voicecraft_libritts
6.58,6.67,S,phones,temp_voicecraft_libritts
6.8,6.9,EH1,phones,temp_voicecraft_libritts
6.9,6.96,N,phones,temp_voicecraft_libritts
6.96,7.06,IY0,phones,temp_voicecraft_libritts
7.06,7.14,AH0,phones,temp_voicecraft_libritts
7.14,7.19,V,phones,temp_voicecraft_libritts
7.19,7.23,IH0,phones,temp_voicecraft_libritts
7.23,7.3,T,phones,temp_voicecraft_libritts
7.3,7.35,S,phones,temp_voicecraft_libritts
7.35,7.4,M,phones,temp_voicecraft_libritts
7.4,7.5,AA1,phones,temp_voicecraft_libritts
7.5,7.59,R,phones,temp_voicecraft_libritts
7.59,7.7,K,phones,temp_voicecraft_libritts
7.7,7.86,S,phones,temp_voicecraft_libritts
